open_timestamp_utc,close_timestamp_utc,open,high,low,close,volume
1555671600,1555675199,133.45,133.78,133.17,133.5,76.31
1555675200,1555678799,133.56,133.85,132.37,132.63,98.99
1555678800,1555682399,133.11,133.28,132.66,133.22,52.65
1555682400,1555685999,133.23,133.41,132.33,133.2,198.42
1555686000,1555689599,132.61,133.79,132.61,132.9,64.15
1555689600,1555693199,132.88,134.04,132.53,133.3,320.59
1555693200,1555696799,133.29,133.66,132.77,133.31,164.97
1555696800,1555700399,133.33,134.06,132.51,133.65,337.27
1555700400,1555703999,133.82,133.84,132.76,133.79,139.52
1555704000,1555707599,133.75,134.23,133.3,134.14,81.23
1555707600,1555711199,133.9,134.5,133.32,133.51,82.83
1555711200,1555714799,133.96,134.5,133.52,134.5,35.2
1555714800,1555718399,134.01,134.99,133.95,134.3,77.59
1555718400,1555721999,134.46,134.97,134.29,134.9,41.92
1555722000,1555725599,134.14,134.94,134.14,134.7,28.46
1555725600,1555729199,134.7,134.7,134.64,134.7,0.933
1555729200,1555732799,134.6,134.6,134.6,134.6,0.0261
1555732800,1555736399,134.6,135.0,134.6,135.0,42.65
1555736400,1555739999,135.0,135.09,134.63,135.09,36.13
1555740000,1555743599,135.06,135.5,134.63,134.97,177.97
1555743600,1555747199,135.07,136.28,135.0,136.16,162.59
1555747200,1555750799,135.93,137.15,135.29,135.8,157.82
1555750800,1555754399,135.82,135.82,135.1,135.1,80.6
1555754400,1555757999,135.0,135.0,133.26,133.93,275.61
1555758000,1555761599,133.59,134.27,133.47,133.91,224.79
1555761600,1555765199,133.89,134.32,133.55,133.95,74.37
1555765200,1555768799,134.18,134.33,133.71,134.06,70.96
1555768800,1555772399,134.07,134.23,133.0,133.56,140.61
1555772400,1555775999,132.86,134.03,132.78,133.33,76.82
1555776000,1555779599,133.62,134.71,133.29,134.71,93.07
1555779600,1555783199,133.91,134.77,133.64,133.75,72.81
1555783200,1555786799,133.73,134.61,133.63,134.61,73.65
1555786800,1555790399,133.99,135.0,133.69,134.09,188.03
1555790400,1555793999,134.09,134.42,133.41,133.41,113.29
1555794000,1555797599,133.85,134.57,132.51,132.52,105.52
1555797600,1555801199,133.6,134.49,132.56,133.29,121.07
1555801200,1555804799,133.23,134.65,133.21,133.98,77.35
1555804800,1555808399,133.79,134.78,133.75,134.54,11.12
1555808400,1555811999,134.56,134.79,134.12,134.12,54.54
1555812000,1555815599,134.11,134.11,133.88,133.91,7.2
1555815600,1555819199,134.24,134.29,133.86,134.27,5.94
1555822800,1555826399,133.88,134.2,133.21,134.03,25.25
1555826400,1555829999,134.12,134.76,133.7,134.73,69.2
1555830000,1555833599,133.77,134.7,132.91,133.04,282.45
1555833600,1555837199,132.92,134.49,130.25,132.7,508.62
1555837200,1555840799,132.29,132.39,130.0,130.96,506.25
1555840800,1555844399,130.36,131.83,129.57,130.76,293.55
1555844400,1555847999,130.77,131.47,130.21,130.21,29.51
1555848000,1555851599,130.21,130.61,128.76,130.39,235.84
1555851600,1555855199,130.4,131.31,130.32,130.96,30.44
1555855200,1555858799,130.89,130.9,130.3,130.9,126.43
1555858800,1555862399,130.9,131.47,130.32,130.94,22.09
1555862400,1555865999,131.5,131.7,130.57,131.36,51.34
1555866000,1555869599,130.57,131.45,130.3,131.1,162.28
1555869600,1555873199,130.49,131.19,130.3,130.83,45.24
1555873200,1555876799,130.74,130.85,130.3,130.85,29.2
1555876800,1555880399,130.85,131.47,130.32,130.32,76.02
1555880400,1555883999,130.74,131.8,130.33,131.65,67.67
1555884000,1555887599,131.65,131.71,130.91,131.26,85.85
1555887600,1555891199,131.12,132.45,130.53,131.09,209.15
1555891200,1555894799,131.07,131.99,131.07,131.92,19.2
1555894800,1555898399,131.51,131.51,130.56,130.56,4.86
1555898400,1555901999,130.74,131.13,130.52,130.52,16.05
1555902000,1555905599,130.4,130.68,130.19,130.19,43.51
1555905600,1555909199,130.0,130.88,130.0,130.88,13.87
1555909200,1555912799,131.37,131.51,131.03,131.03,33.57
1555912800,1555916399,131.26,131.99,130.8,131.35,40.44
1555916400,1555919999,131.36,132.0,131.29,131.56,43.87
1555920000,1555923599,131.32,131.78,131.0,131.49,60.96
1555923600,1555927199,131.31,132.49,130.9,132.14,168.58
1555927200,1555930799,132.47,133.0,131.79,133.0,230.6
1555930800,1555934399,132.65,133.01,132.28,132.93,179.83
1555934400,1555937999,132.27,133.1,132.19,132.62,65.91
1555938000,1555941599,132.19,132.64,131.87,132.3,59.18
1555941600,1555945199,131.86,132.87,131.86,132.22,64.22
1555945200,1555948799,132.28,133.39,131.85,132.16,324.79
1555948800,1555952399,132.16,132.16,130.28,130.7,226.95
1555952400,1555955999,131.2,132.96,130.81,132.96,381.69
1555956000,1555959599,132.98,133.62,132.04,133.55,210.11
1555959600,1555963199,133.55,133.63,132.26,133.29,179.26
1555963200,1555966799,133.36,133.58,132.42,132.42,263.6
1555966800,1555970399,133.42,133.43,132.21,133.05,63.87
1555970400,1555973999,133.05,133.52,132.7,133.34,107.65
1555974000,1555977599,133.36,133.36,132.15,132.46,61.16
1555977600,1555981199,132.65,132.65,131.8,132.01,75.69
1555981200,1555984799,131.81,132.48,131.81,132.41,24.63
1555984800,1555988399,132.03,132.76,132.03,132.76,97.97
1555988400,1555991999,133.24,133.29,133.24,133.29,1.54
1555992000,1555995599,133.15,134.79,132.69,134.06,332.75
1555995600,1555999199,134.55,134.93,134.0,134.91,27.77
1555999200,1556002799,134.93,135.0,134.0,135.0,354.88
1556002800,1556006399,135.0,135.97,134.96,135.46,166.14
1556006400,1556009999,135.71,136.45,135.25,135.71,156.83
1556010000,1556013599,135.24,135.27,134.23,135.02,258.11
1556013600,1556017199,134.97,135.21,134.37,134.7,108.23
1556017200,1556020799,135.18,135.24,134.32,134.33,152.93
1556020800,1556024399,134.35,135.13,134.06,134.57,391.6
1556024400,1556027999,134.64,135.57,134.54,135.13,138.3
1556028000,1556031599,135.25,135.75,135.0,135.4,114.05
1556031600,1556035199,135.12,135.53,134.1,134.6,193.32
1556035200,1556038799,134.8,135.0,134.01,134.77,181.67
1556038800,1556042399,134.37,135.25,134.19,134.72,256.75
1556042400,1556045999,134.79,135.01,133.97,134.79,133.84
1556046000,1556049599,134.14,134.75,133.21,134.06,141.53
1556049600,1556053199,133.61,134.01,132.84,133.66,552.74
1556053200,1556056799,133.82,134.28,132.91,134.16,200.6
1556056800,1556060399,134.3,134.3,131.12,132.9,239.1
1556060400,1556063999,132.55,133.03,131.8,132.23,164.82
1556064000,1556067599,131.63,132.61,131.63,132.26,46.73
1556067600,1556071199,131.62,131.62,129.62,131.03,64.92
1556071200,1556074799,130.25,130.84,130.25,130.56,84.86
1556074800,1556078399,131.04,131.59,130.83,131.59,4.59
1556078400,1556081999,131.26,132.02,130.76,131.89,9.08
1556082000,1556085599,131.52,131.82,131.01,131.5,57.41
1556085600,1556089199,131.99,131.99,130.87,131.29,30.2
1556089200,1556092799,131.29,131.29,126.51,127.95,280.82
1556092800,1556096399,127.66,128.55,127.11,128.23,399.48
1556096400,1556099999,127.77,128.12,127.03,127.03,246.44
1556100000,1556103599,127.51,128.32,126.68,127.31,193.13
1556103600,1556107199,127.55,127.92,126.8,127.4,176.25
1556107200,1556110799,127.82,128.39,127.47,128.05,126.9
1556110800,1556114399,128.05,128.31,126.96,127.11,96.42
1556114400,1556117999,126.9,127.82,126.9,127.66,102.66
1556118000,1556121599,127.1,128.42,127.1,127.5,121.86
1556121600,1556125199,127.51,127.78,125.22,126.0,322.24
1556125200,1556128799,126.0,126.64,125.5,125.8,386.43
1556128800,1556132399,125.54,126.12,124.08,126.12,363.93
1556132400,1556135999,126.1,127.24,126.1,126.81,194.38
1556136000,1556139599,126.89,127.92,126.62,127.89,87.5
1556139600,1556143199,127.93,128.06,127.51,127.57,99.1
1556143200,1556146799,127.57,128.49,127.55,128.49,129.28
1556146800,1556150399,128.5,129.08,127.75,128.32,81.27
1556150400,1556153999,128.91,129.13,128.44,128.97,22.49
1556154000,1556157599,128.4,128.96,128.16,128.16,25.95
1556157600,1556161199,128.59,128.59,127.24,127.24,122.21
1556161200,1556164799,127.37,127.39,126.81,127.38,36.09
1556164800,1556168399,127.39,128.29,127.22,127.23,59.3
1556168400,1556171999,127.68,127.68,127.21,127.62,40.26
1556172000,1556175599,127.63,128.5,125.85,126.39,144.2
1556175600,1556179199,126.51,127.22,125.62,127.08,130.36
1556179200,1556182799,127.06,128.28,126.15,126.86,530.49
1556182800,1556186399,127.03,127.19,126.19,127.06,97.34
1556186400,1556189999,127.0,128.12,127.0,128.05,98.26
1556190000,1556193599,128.03,128.08,127.4,128.05,84.97
1556193600,1556197199,128.16,128.4,127.64,127.97,155.29
1556197200,1556200799,127.96,127.96,127.43,127.44,232.95
1556200800,1556204399,127.59,127.6,127.29,127.29,165.32
1556204400,1556207999,127.3,127.97,127.29,127.81,93.09
1556208000,1556211599,127.5,128.45,127.5,128.25,70.82
1556211600,1556215199,128.32,128.4,127.71,128.29,122.22
1556215200,1556218799,128.29,128.62,127.96,128.46,113.32
1556218800,1556222399,128.01,128.78,127.71,128.18,142.86
1556222400,1556225999,128.18,128.57,127.61,128.17,98.61
1556226000,1556229599,128.17,128.7,125.25,125.25,341.05
1556229600,1556233199,125.1,125.1,114.54,119.72,1119.58
1556233200,1556236799,118.95,119.06,118.0,118.44,767.46
1556236800,1556240399,118.44,118.44,115.5,117.61,203.33
1556240400,1556243999,117.4,118.38,116.89,118.24,58.06
1556244000,1556247599,118.13,120.34,117.31,118.39,186.06
1556247600,1556251199,118.43,120.13,118.04,119.0,170.58
1556251200,1556254799,120.24,120.35,119.09,119.09,48.67
1556254800,1556258399,119.1,119.68,118.63,119.09,121.6
1556258400,1556261999,119.0,119.16,117.62,118.57,213.8
1556262000,1556265599,118.62,118.91,117.76,118.5,383.74
1556265600,1556269199,118.5,119.09,118.04,118.54,348.4
1556269200,1556272799,118.31,118.79,117.71,118.22,721.79
1556272800,1556276399,118.2,119.05,117.8,118.07,196.21
1556276400,1556279999,118.07,118.62,117.21,117.8,643.6
1556280000,1556283599,117.79,118.68,117.03,118.68,424.85
1556283600,1556287199,118.15,118.99,117.85,118.12,217.26
1556287200,1556290799,118.32,118.45,117.58,118.17,222.56
1556290800,1556294399,118.17,118.17,117.0,117.35,192.94
1556294400,1556297999,117.01,117.53,115.64,116.92,627.49
1556298000,1556301599,117.41,118.15,116.72,117.73,322.45
1556301600,1556305199,117.67,117.88,116.71,116.71,108.8
1556305200,1556308799,116.71,117.25,116.46,116.88,109.25
1556308800,1556312399,116.74,117.69,116.47,116.94,142.48
1556312400,1556315999,116.97,118.53,116.97,118.52,243.81
1556316000,1556319599,118.7,119.65,118.04,118.72,183.3
1556319600,1556323199,118.77,119.29,118.48,119.21,33.26
1556323200,1556326799,119.77,119.92,119.19,119.3,37.55
1556326800,1556330399,119.31,119.74,118.69,119.41,110.19
1556330400,1556333999,119.4,119.98,118.58,119.12,184.53
1556334000,1556337599,119.14,119.98,118.46,119.98,21.37
1556337600,1556341199,119.75,119.75,118.79,119.71,14.64
1556341200,1556344799,119.97,119.98,119.25,119.92,16.61
1556344800,1556348399,119.97,120.0,119.76,120.0,44.19
1556348400,1556351999,120.03,120.04,118.9,119.95,69.28
1556352000,1556355599,119.44,119.94,118.88,119.3,97.31
1556355600,1556359199,119.0,119.99,118.76,119.9,112.74
1556359200,1556362799,119.59,120.19,119.5,119.93,62.12
1556362800,1556366399,119.99,120.17,119.35,119.71,203.34
1556366400,1556369999,119.58,119.64,118.79,119.35,109.75
1556370000,1556373599,119.36,119.72,119.04,119.72,94.03
1556373600,1556377199,119.8,120.19,119.27,120.05,80.23
1556377200,1556380799,120.08,120.41,119.53,119.6,99.27
1556380800,1556384399,119.6,120.97,119.55,120.93,70.98
1556384400,1556387999,120.55,122.94,120.05,122.55,256.66
1556388000,1556391599,122.54,123.04,121.5,122.92,291.95
1556391600,1556395199,123.09,124.86,121.91,122.76,227.01
1556395200,1556398799,122.99,124.58,122.74,124.58,187.19
1556398800,1556402399,123.74,124.55,122.75,122.9,251.57
1556402400,1556405999,122.76,123.44,122.0,122.25,108.3
1556406000,1556409599,122.25,122.78,120.99,122.13,118.08
1556409600,1556413199,121.94,121.98,121.41,121.75,23.16
1556413200,1556416799,121.75,121.94,121.11,121.29,37.17
1556416800,1556420399,121.31,121.31,120.63,120.86,46.21
1556420400,1556423999,120.96,120.96,120.63,120.63,0.165
1556424000,1556427599,121.01,121.5,120.26,120.38,320.74
1556427600,1556431199,120.4,120.4,119.91,119.98,15.3
1556431200,1556434799,119.98,121.46,119.97,120.49,127.6
1556434800,1556438399,120.3,120.97,119.99,120.81,110.21
1556438400,1556441999,120.81,120.94,120.02,120.76,185.27
1556442000,1556445599,120.77,122.12,120.13,120.51,134.35
1556445600,1556449199,120.98,121.63,120.5,121.62,136.63
1556449200,1556452799,121.26,122.15,120.67,121.25,134.3
1556452800,1556456399,122.05,122.06,121.0,121.28,115.85
1556456400,1556459999,120.97,121.79,120.5,120.51,59.2
1556460000,1556463599,120.51,121.58,120.24,120.71,81.49
1556463600,1556467199,120.43,121.22,120.04,120.61,131.82
1556467200,1556470799,120.61,120.68,120.03,120.03,190.45
1556470800,1556474399,120.0,120.23,119.78,119.97,45.67
1556474400,1556477999,119.8,120.21,119.11,119.29,362.73
1556478000,1556481599,119.82,120.08,118.43,119.55,135.04
1556481600,1556485199,119.44,119.78,118.79,119.67,65.13
1556485200,1556488799,118.99,119.55,118.79,119.32,110.9
1556488800,1556492399,119.28,119.28,118.46,119.0,76.91
1556492400,1556495999,119.0,119.0,118.9,119.0,36.38
1556496000,1556499599,119.0,119.78,118.76,119.37,47.18
1556499600,1556503199,119.32,119.34,118.81,119.34,7.55
1556503200,1556506799,119.35,119.6,119.35,119.6,1.23
1556506800,1556510399,119.33,119.72,119.21,119.22,20.91
1556510400,1556513999,119.64,119.96,119.42,119.93,20.15
1556514000,1556517599,119.57,119.71,119.16,119.64,28.44
1556517600,1556521199,119.55,119.63,119.16,119.59,40.58
1556521200,1556524799,119.56,119.62,118.7,118.7,118.31
1556524800,1556528399,119.14,119.2,118.44,118.88,131.83
1556528400,1556531999,118.88,119.11,117.74,118.13,148.08
1556532000,1556535599,118.17,118.61,116.8,117.46,104.79
1556535600,1556539199,117.41,117.83,116.84,117.74,145.54
1556539200,1556542799,117.31,117.94,116.1,117.29,144.87
1556542800,1556546399,117.03,117.41,115.71,116.88,143.36
1556546400,1556549999,116.84,117.96,116.84,117.58,146.25
1556550000,1556553599,117.11,117.86,116.67,116.98,165.89
1556553600,1556557199,117.23,119.16,117.23,119.16,111.21
1556557200,1556560799,118.62,119.89,118.62,119.21,94.03
1556560800,1556564399,119.19,119.19,118.05,118.76,146.16
1556564400,1556567999,118.75,118.77,118.14,118.36,221.75
1556568000,1556571599,118.28,118.66,117.45,118.1,127.31
1556571600,1556575199,117.85,118.29,117.35,117.54,113.27
1556575200,1556578799,117.57,118.15,117.16,117.55,74.93
1556578800,1556582399,117.6,118.51,117.35,118.08,67.67
1556582400,1556585999,118.39,118.57,117.89,118.38,60.1
1556586000,1556589599,118.06,119.44,118.06,119.44,35.81
1556589600,1556593199,119.5,120.2,119.44,120.2,30.63
1556593200,1556596799,120.02,120.02,119.34,119.41,94.28
1556596800,1556600399,119.61,119.76,118.81,118.81,19.37
1556600400,1556603999,119.3,119.67,118.89,119.65,49.46
1556604000,1556607599,119.69,119.76,119.13,119.62,110.99
1556607600,1556611199,119.58,120.67,119.19,120.09,65.99
1556611200,1556614799,119.99,120.41,119.64,119.67,138.01
1556614800,1556618399,120.05,120.32,119.11,120.01,194.75
1556618400,1556621999,120.19,121.17,119.99,120.54,183.47
1556622000,1556625599,120.57,120.91,120.1,120.91,119.67
1556625600,1556629199,120.73,121.0,120.33,120.94,465.31
1556629200,1556632799,120.94,121.09,120.24,120.74,140.13
1556632800,1556636399,121.12,121.48,120.26,120.63,252.09
1556636400,1556639999,120.18,120.84,119.77,120.84,126.5
1556640000,1556643599,120.84,120.93,119.98,120.54,454.4
1556643600,1556647199,120.12,120.74,120.02,120.62,96.14
1556647200,1556650799,120.59,120.77,119.99,120.4,261.65
1556650800,1556654399,120.4,120.52,119.79,120.08,129.76
1556654400,1556657999,119.69,120.56,119.54,120.26,149.75
1556658000,1556661599,120.32,121.35,120.17,120.78,147.68
1556661600,1556665199,121.29,123.74,120.85,123.36,213.15
1556665200,1556668799,123.42,123.42,122.49,122.91,82.63
1556668800,1556672399,123.09,125.25,122.94,123.8,163.15
1556672400,1556675999,124.21,124.24,123.75,123.76,52.72
1556676000,1556679599,123.76,123.96,123.52,123.87,45.61
1556679600,1556683199,123.86,123.86,123.17,123.23,24.1
1556683200,1556686799,123.29,123.36,122.39,122.8,25.12
1556686800,1556690399,122.81,123.05,122.31,122.77,64.99
1556690400,1556693999,122.81,123.48,122.37,123.48,89.44
1556694000,1556697599,123.48,123.5,122.63,123.11,130.41
1556697600,1556701199,123.1,123.19,121.31,121.92,118.57
1556701200,1556704799,121.99,122.08,121.32,121.62,104.06
1556704800,1556708399,121.62,121.86,121.34,121.7,77.88
1556708400,1556711999,121.73,122.61,121.73,122.42,88.79
1556712000,1556715599,122.09,122.44,121.31,121.6,116.96
1556715600,1556719199,121.6,121.9,121.1,121.32,75.75
1556719200,1556722799,121.77,121.88,121.03,121.46,86.7
1556722800,1556726399,121.09,121.62,120.93,121.07,80.85
1556726400,1556729999,121.49,122.1,121.04,121.7,121.75
1556730000,1556733599,121.7,122.97,121.31,122.41,289.17
1556733600,1556737199,122.39,123.36,121.23,121.98,534.9
1556737200,1556740799,121.72,121.92,120.35,120.61,1236.75
1556740800,1556744399,121.09,121.28,120.48,121.19,155.23
1556744400,1556747999,120.64,120.98,120.23,120.87,127.88
1556748000,1556751599,120.3,120.91,120.2,120.91,43.45
1556751600,1556755199,120.95,121.73,120.53,121.39,50.23
1556755200,1556758799,121.03,121.72,120.79,121.72,7.19
1556758800,1556762399,121.72,121.72,120.89,120.89,13.47
1556762400,1556765999,121.3,121.6,121.2,121.41,7.03
1556766000,1556769599,121.41,121.73,121.15,121.73,16.28
1556769600,1556773199,121.63,121.67,121.04,121.16,20.43
1556773200,1556776799,121.67,121.73,121.16,121.5,66.6
1556776800,1556780399,121.73,122.0,121.36,122.0,159.79
1556780400,1556783999,121.57,122.67,121.57,122.1,71.45
1556784000,1556787599,121.61,122.47,121.43,121.89,113.58
1556787600,1556791199,122.38,122.39,121.19,121.19,106.49
1556791200,1556794799,121.19,122.03,121.04,121.04,71.92
1556794800,1556798399,121.02,121.85,121.01,121.84,39.59
1556798400,1556801999,121.29,121.99,121.17,121.77,58.03
1556802000,1556805599,121.58,121.58,120.0,120.77,207.8
1556805600,1556809199,121.13,121.61,120.73,120.8,58.15
1556809200,1556812799,121.6,121.85,121.01,121.8,53.51
1556812800,1556816399,121.8,122.19,120.64,120.69,187.8
1556816400,1556819999,121.42,121.43,120.87,121.32,45.18
1556820000,1556823599,120.98,121.5,120.9,120.98,46.53
1556823600,1556827199,120.86,121.19,120.86,121.1,129.41
1556827200,1556830799,121.4,122.82,120.87,122.6,230.31
1556830800,1556834399,122.6,123.49,122.0,122.05,108.02
1556834400,1556837999,122.55,123.04,122.23,122.98,79.27
1556838000,1556841599,122.32,122.95,122.0,122.0,109.38
1556841600,1556845199,122.24,122.45,121.5,122.45,17.57
1556845200,1556848799,121.52,122.95,121.52,122.54,26.9
1556848800,1556852399,122.44,123.04,122.39,122.63,8.49
1556852400,1556855999,122.37,122.81,122.36,122.51,5.18
1556856000,1556859599,121.99,123.23,121.96,123.19,77.34
1556859600,1556863199,122.79,123.09,122.21,122.95,31.72
1556863200,1556866799,122.64,124.0,122.46,123.69,193.74
1556866800,1556870399,124.0,124.15,123.04,123.65,98.91
1556870400,1556873999,123.75,124.0,123.05,123.8,145.06
1556874000,1556877599,123.37,130.0,123.24,128.74,409.73
1556877600,1556881199,128.74,128.74,126.88,126.92,467.75
1556881200,1556884799,126.96,128.3,126.96,127.89,243.9
1556884800,1556888399,127.49,128.75,127.49,128.04,143.57
1556888400,1556891999,128.33,128.52,127.74,128.2,156.26
1556892000,1556895599,127.82,128.17,126.61,127.15,306.51
1556895600,1556899199,127.27,127.27,126.02,126.25,290.09
1556899200,1556902799,126.25,126.96,126.2,126.4,182.14
1556902800,1556906399,126.59,126.75,125.02,125.57,139.65
1556906400,1556909999,125.59,126.0,124.64,125.72,154.98
1556910000,1556913599,125.72,125.9,124.85,125.71,99.65
1556913600,1556917199,125.73,126.55,125.37,125.8,47.49
1556917200,1556920799,126.13,126.41,125.2,125.9,89.51
1556920800,1556924399,126.0,126.0,125.03,125.78,136.35
1556924400,1556927999,125.76,125.8,125.0,125.04,44.91
1556928000,1556931599,125.64,126.88,125.03,126.29,311.88
1556931600,1556935199,126.2,127.94,125.51,127.37,144.16
1556935200,1556938799,126.18,126.6,126.16,126.2,22.9
1556938800,1556942399,125.78,126.2,124.98,124.98,93.41
1556942400,1556945999,124.94,124.94,122.5,123.82,15.71
1556946000,1556949599,123.81,123.81,123,123.6,48.62
1556949600,1556953199,123.33,123.99,122.86,123.99,195.56
1556953200,1556956799,123.99,125.91,123.84,124.21,154.44
1556956800,1556960399,124.69,125.63,123.67,124.62,204.99
1556960400,1556963999,124.66,124.99,123.27,123.69,109.71
1556964000,1556967599,123.43,123.49,122.69,123.35,152.15
1556967600,1556971199,123.07,123.52,122.99,123.28,103.38
1556971200,1556974799,123.33,123.44,122.31,123.23,143.29
1556974800,1556978399,123.17,123.3,120.45,121.47,161.2
1556978400,1556981999,121.89,122.12,121.03,121.77,292.41
1556982000,1556985599,121.26,121.99,121.21,121.72,152.38
1556985600,1556989199,121.57,122.05,120.77,121.81,279.61
1556989200,1556992799,120.86,121.95,120.81,121.89,79.64
1556992800,1556996399,121.86,122.45,121.04,122.25,100.42
1556996400,1556999999,122.31,122.99,122.11,122.68,70.16
1557000000,1557003599,122.84,123.36,122.26,123.36,120.35
1557003600,1557007199,123.35,124.94,123.35,124.07,111.3
1557007200,1557010799,124.4,124.89,123.57,124.36,182.86
1557010800,1557014399,124,125,123.36,123.49,29.81
1557014400,1557017999,124.72,124.81,122.6,122.97,140.16
1557018000,1557021599,122.69,123.61,122.69,123.58,9.81
1557021600,1557025199,122.83,123.6,122.75,123.6,9.75
1557025200,1557028799,122.87,123.53,122.87,123.46,1.82
1557028800,1557032399,123.77,123.77,122.73,122.73,1.47
1557032400,1557035999,123.65,124.59,123.25,124.59,236.65
1557036000,1557039599,124.14,124.15,123.23,123.24,14.32
1557039600,1557043199,123.25,123.94,122.52,122.52,27.72
1557043200,1557046799,122.7,123,122.27,122.71,33.59
1557046800,1557050399,122.93,123.1,122.42,122.63,20.08
1557050400,1557053999,122.86,122.9,121.89,122.5,59.83
1557054000,1557057599,123.07,123.07,122.16,122.24,87.33
1557057600,1557061199,122.64,123.34,122.28,123.16,78.13
1557061200,1557064799,122.78,123.33,122.78,123.17,24.71
1557064800,1557068399,123.54,123.54,122.26,122.47,34.76
1557068400,1557071999,123.13,123.25,122.4,122.72,28.82
1557072000,1557075599,122.5,123.17,122,122.36,85.61
1557075600,1557079199,122.34,122.34,120.91,121.1,112.47
1557079200,1557082799,120.87,122.19,120.1,122.01,322.09
1557082800,1557086399,122.08,122.83,121.25,122.83,111.62
1557086400,1557089999,122.52,124.89,122.45,123.79,265.05
1557090000,1557093599,123.43,124.71,123.4,123.76,85.18
1557093600,1557097199,123.8,123.92,122.58,122.87,171.9
1557097200,1557100799,123.24,123.24,122.55,122.93,55.1
1557100800,1557104399,122.4,123.04,121.85,121.94,194
1557104400,1557107999,122.1,122.22,121,121.18,24.35
1557108000,1557111599,121.07,121.85,121.06,121.64,10.28
1557111600,1557115199,121.71,121.82,121.04,121.05,6.83
1557115200,1557118799,121.35,121.46,120.98,121.3,7.35
1557118800,1557122399,121.67,121.97,121.22,121.49,37.18
1557122400,1557125999,121.53,121.66,120.5,121.07,42.7
1557126000,1557129599,120.66,121.74,120.57,121.26,70.02
1557129600,1557133199,121.18,121.36,120.52,120.88,498.56
1557133200,1557136799,120.52,124.12,120.52,123.55,301.74
1557136800,1557140399,123.44,124.61,123.4,123.61,64
1557140400,1557143999,123.98,125.21,123.61,125.21,92.09
1557144000,1557147599,125.09,125.09,123.9,124.02,62.24
1557147600,1557151199,124.45,124.94,124.2,124.55,116.15
1557151200,1557154799,124.77,127.3,124.77,126.74,120.64
1557154800,1557158399,126.6,129,126.34,129,334.83
1557158400,1557161999,129,134.05,129,132.32,1539.37
1557162000,1557165599,132.96,133.46,131.72,132.85,582.54
1557165600,1557169199,132.82,133.14,131.87,132.99,227.43
1557169200,1557172799,132.56,133.26,131.96,132.5,177.75
1557172800,1557176399,132.11,132.5,131.57,131.98,166.23
1557176400,1557179999,131.99,132.51,131.78,132.03,198.18
1557180000,1557183599,132.2,132.52,131.8,132.11,156.05
1557183600,1557187199,132.01,132.38,130.44,130.64,152.59
1557187200,1557190799,130.75,137.48,130.75,136.89,437.87
1557190800,1557194399,136.44,137,134.45,134.94,314.03
1557194400,1557197999,135.62,136.15,134.97,135.19,47.76
1557198000,1557201599,135.34,136.2,135.03,135.06,30.13
1557201600,1557205199,134.93,134.93,134.04,134.37,40.37
1557205200,1557208799,134.22,134.54,132.35,133.41,230.95
1557208800,1557212399,133.92,135.18,133.1,134.04,131.16
1557212400,1557215999,134.04,134.42,132.76,133.57,104.42
1557216000,1557219599,134.04,134.61,133.19,133.78,71.2
1557219600,1557223199,133.91,135.77,133.04,135,249.09
1557223200,1557226799,134.61,135.56,133.87,134.07,200.85
1557226800,1557230399,134.5,135.37,133.21,135.23,312.71
1557230400,1557233999,135.18,135.42,133.55,135.01,235.49
1557234000,1557237599,135.01,135.6,134.3,135.39,204.57
1557237600,1557241199,135.46,135.6,128.93,131,492.17
1557241200,1557244799,131.06,131.87,130.57,131.22,143.8
1557244800,1557248399,131.31,133,131.22,132.81,162.45
1557248400,1557251999,132.43,132.67,131.46,131.63,51.6
1557252000,1557255599,131.66,131.7,130.17,130.43,353.94
1557255600,1557259199,130.42,130.81,129.16,129.45,142.4
1557259200,1557262799,129.81,131,129.8,130.56,186.4
1557262800,1557266399,130.55,132.24,130.53,132.01,395.1
1557266400,1557269999,132,133.61,131.03,132.44,175.64
1557270000,1557273599,132.01,133.05,126.99,127.65,601.52
1557273600,1557277199,127.68,127.99,124.5,126.72,776.61
1557277200,1557280799,126.59,127.99,126.39,127.63,68.71
1557280800,1557284399,127.99,128.5,127.79,127.79,12.41
1557284400,1557287999,127.56,128.07,127.3,128.07,4.82
1557288000,1557291599,128.18,129.32,128.18,129.06,27.52
1557291600,1557295199,128.58,129.78,127.74,129.2,47.21
1557295200,1557298799,129.44,130.26,129.44,129.54,39.62
1557298800,1557302399,130.05,130.18,128.95,129,70.16
1557302400,1557305999,128.9,129.78,128.67,129.14,66.34
1557306000,1557309599,129,129.65,128.62,129.42,139.7
1557309600,1557313199,129.76,129.98,128.81,129.6,194.7
1557313200,1557316799,129.69,130.4,129.07,130.08,180.81
1557316800,1557320399,130.02,130.45,129.2,130.01,1198.64
1557320400,1557323999,129.96,130.13,129.05,129.73,252.91
1557324000,1557327599,129.73,129.76,128.24,129.72,149.69
1557327600,1557331199,128.97,130.05,128.94,129.81,195.74
1557331200,1557334799,129.54,130.2,128.47,128.47,137.42
1557334800,1557338399,128.62,129.51,128.14,129.01,179.99
1557338400,1557341999,128.44,129.12,128.14,129.09,39.18
1557342000,1557345599,128.51,129.71,128.51,128.94,81.22
1557345600,1557349199,128.69,129.86,128.68,129.86,178.61
1557349200,1557352799,129.9,130.36,128.99,130,177.87
1557352800,1557356399,129.86,131.61,129.42,131.27,253.19
1557356400,1557359999,131.63,132,128.99,130.34,177.87
1557360000,1557363599,130.65,132.32,129.96,131.64,32.88
1557363600,1557367199,132.35,133.3,131.31,131.92,159.62
1557367200,1557370799,131.98,132.18,131.32,131.32,131.78
1557370800,1557374399,131.87,131.87,131.1,131.64,64.38
1557374400,1557377999,131.51,131.75,130.94,131.58,36.88
1557378000,1557381599,131.58,131.83,129.67,129.72,59.74
1557381600,1557385199,129.96,131.51,129.03,130.52,82.84
1557385200,1557388799,130.69,130.73,129.95,130.47,129.8
1557388800,1557392399,130.03,131.65,130.03,130.9,288.6
1557392400,1557395999,131.23,131.24,130.37,131.02,183.11
1557396000,1557399599,131,131.16,130.57,130.77,339.83
1557399600,1557403199,131.1,131.1,129.95,130.49,202.52
1557403200,1557406799,129.9,130.12,128.91,129.3,110.85
1557406800,1557410399,129.29,129.72,128.46,129.28,135.8
1557410400,1557413999,129.67,129.67,128.77,128.97,136.47
1557414000,1557417599,129.02,129.22,128.03,128.91,311.91
1557417600,1557421199,128.42,129.16,128.34,128.85,90.79
1557421200,1557424799,128.85,128.94,128,128.24,107.69
1557424800,1557428399,128.13,128.79,127.15,127.8,645.58
1557428400,1557431999,128.08,128.98,127.67,128.39,848.88
1557432000,1557435599,128.32,129.6,128.06,129.15,97.98
1557435600,1557439199,129.59,130.48,129.35,129.58,509.55
1557439200,1557442799,129.5,130.64,125.48,130.64,1772.4
1557442800,1557446399,131,131.94,130.37,130.49,92.19
1557446400,1557449999,131.14,131.2,130,130,288.86
1557450000,1557453599,129.41,130.42,129.18,130.42,23.8
1557453600,1557457199,130.5,131.72,129.67,130.95,185.23
1557457200,1557460799,131.01,131.99,130.18,131.38,41.28
1557460800,1557464399,131.23,134.77,130.87,134.47,391.93
1557464400,1557467999,134.34,134.45,133.48,134.44,221.09
1557468000,1557471599,133.74,134.67,133.37,134.38,369.17
1557471600,1557475199,133.97,135.09,133.5,134.3,1187.09
1557475200,1557478799,134.3,135.07,132.2,132.69,968.29
1557478800,1557482399,132.66,133,132.2,133,165.36
1557482400,1557485999,133,133.51,132.32,132.45,143.35
1557486000,1557489599,132.35,132.78,131.92,132.28,164.9
1557489600,1557493199,132.09,132.3,131.06,131.9,187.08
1557493200,1557496799,131.71,132.39,131.14,131.39,374.18
1557496800,1557500399,131.93,132.11,130.67,130.98,417.81
1557500400,1557503999,131.51,132.03,130.95,131.93,102.82
1557504000,1557507599,132.48,133.58,131.61,133.04,366.79
1557507600,1557511199,132.82,134.94,132.4,134.73,290.39
1557511200,1557514799,134.94,135,133.47,134.14,206.52
1557514800,1557518399,134.14,134.75,133.45,134.14,52.76
1557518400,1557521999,134.6,134.75,130.98,132,169.73
1557522000,1557525599,131.82,132.86,130.99,132.84,137.15
1557525600,1557529199,132.53,133.68,132.07,132.97,114.55
1557529200,1557532799,133.68,133.91,132.09,133.45,416.06
1557532800,1557536399,132.85,134.28,132.85,134.27,22.44
1557536400,1557539999,134.27,134.47,133.22,133.89,55.79
1557540000,1557543599,134.3,135.5,134.29,135.5,92.15
1557543600,1557547199,135.49,135.91,134.87,135.29,52.63
1557547200,1557550799,135.29,135.87,132.38,135.48,99.74
1557550800,1557554399,135.98,135.98,134.09,135.96,162.62
1557554400,1557557999,135.96,137.8,135.07,136.2,389.17
1557558000,1557561599,136.48,137.54,135.75,137,269.63
1557561600,1557565199,137,143,136.63,141.13,1410.18
1557565200,1557568799,141.68,142.91,141.21,142.58,671.11
1557568800,1557572399,142.98,149.55,142.97,148.08,2032.77
1557572400,1557575999,148.05,148.06,144.47,145.23,1043.92
1557576000,1557579599,145.27,146.27,143.68,145.31,793.54
1557579600,1557583199,145,146.5,144.49,146.42,341.12
1557583200,1557586799,146.04,146.5,144.54,146.38,289.95
1557586800,1557590399,146.17,148,145.23,147.49,826.63
1557590400,1557593999,148,148,146.27,146.82,543.4
1557594000,1557597599,147.06,153.87,146,153.87,1295.04
1557597600,1557601199,153.86,153.94,151.5,152.6,1221.55
1557601200,1557604799,152.58,152.97,150,152.04,628.27
1557604800,1557608399,151.42,153.99,151.4,153.63,321.62
1557608400,1557611999,152.5,154.2,150.04,154,436.35
1557612000,1557615599,154.19,158,153.01,154.42,1167.06
1557615600,1557619199,154.43,160,148.51,148.56,1268.13
1557619200,1557622799,150.75,152.82,144,147.72,842.73
1557622800,1557626399,147.7,152,146.75,151.14,236.22
1557626400,1557629999,150.85,152.71,149.2,149.2,100.82
1557630000,1557633599,149.92,151,148.76,148.76,27.67
1557633600,1557637199,149.06,152.59,149.04,150.1,52.25
1557637200,1557640799,150.01,153.25,150.01,152.07,178.23
1557640800,1557644399,153.25,155.37,151.54,153.9,288.88
1557644400,1557647999,154.19,157.33,152.64,155.76,525.79
1557648000,1557651599,156.98,157.33,147.09,151.86,863.57
1557651600,1557655199,152.14,153.69,148.8,152.11,433.8
1557655200,1557658799,150.59,151.73,147,147.93,529.6
1557658800,1557662399,147.58,149.72,144.2,146,929.87
1557662400,1557665999,145.81,147.67,145.58,147.47,451.79
1557666000,1557669599,147.34,149,145.69,145.82,584.31
1557669600,1557673199,146.38,146.99,140.75,141.48,768.43
1557673200,1557676799,141.64,143.94,140.5,142.94,355.82
1557676800,1557680399,142.75,143.45,141.12,141.9,503.21
1557680400,1557683999,142.02,143.83,141.22,143.83,324.7
1557684000,1557687599,142.87,145.86,142.79,145.22,310.82
1557687600,1557691199,145.25,145.93,143.63,144.81,446.61
1557691200,1557694799,144.45,147.08,143.79,147,398.35
1557694800,1557698399,147.19,147.51,145.65,147.5,146.74
1557698400,1557701999,147,147,143.43,144.24,195.14
1557702000,1557705599,143.7,144.8,142.64,144.78,344.24
1557705600,1557709199,144.83,146.69,143.5,145.85,47.2
1557709200,1557712799,146.44,147.18,145.72,146.27,67.85
1557712800,1557716399,146.22,146.66,145.5,146.3,22.23
1557716400,1557719999,145.51,145.89,144.82,145.89,79.8
1557720000,1557723599,145.9,147.73,145.63,147.73,29.64
1557723600,1557727199,147.35,148.01,145.98,146.59,151.87
1557727200,1557730799,146.54,146.98,145.81,146.3,210.96
1557730800,1557734399,146.3,146.35,143.8,144.2,268.5
1557734400,1557737999,144.49,145.13,143.53,144.17,294.61
1557738000,1557741599,144.89,146.5,144.89,146.29,340.22
1557741600,1557745199,146.33,147.15,145.19,146.39,416.14
1557745200,1557748799,146.65,149.49,145.42,148.51,451.64
1557748800,1557752399,147.47,149.84,147.44,149.84,263.86
1557752400,1557755999,149.19,149.98,148.24,149.23,307.82
1557756000,1557759599,149.67,152.93,148.45,151.6,609.33
1557759600,1557763199,150.86,157.98,150.86,156.3,1715.83
1557763200,1557766799,155.89,161.85,155.85,158.33,2073.36
1557766800,1557770399,157.35,158.04,153.53,155.15,903.54
1557770400,1557773999,154.23,156.67,154.09,156.4,446.32
1557774000,1557777599,155.81,156.92,155.2,156.63,339.12
1557777600,1557781199,155.82,156.53,154.03,154.9,401.72
1557781200,1557784799,155.04,158.79,154.81,158.1,739.88
1557784800,1557788399,158.1,158.98,150.56,152.12,1466
1557788400,1557791999,151.88,153.01,148.51,151.1,689.73
1557792000,1557795599,151.25,154.03,150.82,152.3,658.69
1557795600,1557799199,153,155.8,152.36,155.28,304.89
1557799200,1557802799,154.4,159.4,152.88,158.12,694.08
1557802800,1557806399,158.83,162.99,158.83,162,557.84
1557806400,1557809999,162,164.2,160.79,162.22,371.09
1557810000,1557813599,163.26,165.98,160.17,161.97,511.21
1557813600,1557817199,162.03,164.01,160.86,163.62,569.49
1557817200,1557820799,163.75,167,162.71,166.42,771.92
1557820800,1557824399,167.22,168.14,158,159.26,1356.12
1557824400,1557827999,159.28,163.05,158.47,161.3,931.41
1557828000,1557831599,160.69,161.96,157.5,159.31,905.23
1557831600,1557835199,159.84,161.51,158.99,160.27,258.76
1557835200,1557838799,159.76,163.93,159.62,161.61,676.26
1557838800,1557842399,161.99,162.98,159.79,161.34,432.81
1557842400,1557845999,161.37,163.94,157.99,160.49,778.23
1557846000,1557849599,160.22,162.11,158,158,463.6
1557849600,1557853199,158.31,161.69,155,161.65,947.2
1557853200,1557856799,161.59,162.3,160,162,411.73
1557856800,1557860399,162,162.26,158.83,159.42,665.52
1557860400,1557863999,159.41,160.23,156.44,158.53,1170.74
1557864000,1557867599,158.96,160.37,157.2,159.31,313.69
1557867600,1557871199,159.58,162.77,157.59,161.68,544.92
1557871200,1557874799,162.24,168,161.76,167.99,1050.91
1557874800,1557878399,168,171.67,167.31,168.91,949.36
1557878400,1557881999,169.38,173.02,168.63,171.35,497.37
1557882000,1557885599,171.54,173.88,171.01,171.83,508.64
1557885600,1557889199,171.39,173.61,170.02,173.31,549.18
1557889200,1557892799,173.5,179,172.82,177.75,599.34
1557892800,1557896399,178.5,178.5,174.69,174.69,279.9
1557896400,1557899999,175.57,178.17,174.41,177.91,941.09
1557900000,1557903599,178.18,182.99,178.18,179.81,1282.08
1557903600,1557907199,179.95,180.57,174.4,176.69,1232.69
1557907200,1557910799,176.96,179.56,175,177.23,509.13
1557910800,1557914399,177.42,182.9,176.31,181.79,591.22
1557914400,1557917999,181.24,183.98,180.51,181.41,988.5
1557918000,1557921599,181.39,182.3,179.3,181.06,739.02
1557921600,1557925199,181,182.24,177.95,179.91,1018.1
1557925200,1557928799,180.66,182.89,177.77,180.75,842.55
1557928800,1557932399,181.35,182.65,179.87,180.49,819.6
1557932400,1557935999,179.88,186.3,179.87,186,471.47
1557936000,1557939599,186.3,189.89,184.32,186.61,1338.34
1557939600,1557943199,187.29,191.2,186.38,189.51,1533.45
1557943200,1557946799,189.49,190.74,186.75,187.97,1137.73
1557946800,1557950399,187.97,189.6,186.57,189.6,681.59
1557950400,1557953999,188.89,190.28,185.01,187.13,705.12
1557954000,1557957599,187.14,189.51,184.24,188.59,721.8
1557957600,1557961199,188,192.91,187.75,192.06,721.25
1557961200,1557964799,192.98,195.89,192,193.76,1192.64
1557964800,1557968399,194.23,208.89,193.13,205.47,1994.06
1557968400,1557971999,205.82,209.98,204.66,207.23,527.24
1557972000,1557975599,208.15,213.99,206.3,212.79,640.26
1557975600,1557979199,213.19,213.5,209.53,210.21,380.22
1557979200,1557982799,210.01,210.23,196.92,204.47,2178.73
1557982800,1557986399,204.07,204.8,200.59,202.67,707.41
1557986400,1557989999,202,213.18,201,209.9,1749.28
1557990000,1557993599,209.01,209.41,203.54,203.72,721.63
1557993600,1557997199,204,207.43,202.63,203.01,740.43
1557997200,1558000799,203.01,207.34,200,201.15,1131.99
1558000800,1558004399,200.01,203.48,190.15,194.32,2760.16
1558004400,1558007999,193.19,199.11,192.45,196.12,920.01
1558008000,1558011599,195.28,197.96,189,190.68,907.86
1558011600,1558015199,190.7,197.18,190.01,197,1381.37
1558015200,1558018799,196.99,206.05,196.99,205.14,1492.15
1558018800,1558022399,204.33,218.53,204.33,218.5,2028.56
1558022400,1558025999,218.38,218.38,205.9,207.43,1190.38
1558026000,1558029599,208.41,209.32,199.94,205.02,1110.74
1558029600,1558033199,205,210,201.6,205.3,362.85
1558033200,1558036799,205.3,206.59,200,203.56,672.43
1558036800,1558040399,203.6,205.92,196.67,199.89,752.59
1558040400,1558043999,196.59,210.52,196.57,209.55,922.06
1558044000,1558047599,209.36,212.0,203.0,203.0,653.84404104
1558047600,1558051199,203.0,207.67,201.48,206.35,342.47046068
1558051200,1558054799,206.35,209.92,205.0,205.88,138.80880076
1558054800,1558058399,204.2,205.39,197.0,199.77,231.67560518
1558058400,1558061999,199.92,201.03,190.5,191.75,658.52941921
1558062000,1558065599,190.51,190.61,176.76,187.43,1109.53877735
1558065600,1558069199,186.46,195.45,185.32,188.94,423.37792815
1558069200,1558072799,189.05,190.65,184.15,184.76,462.82386709
1558072800,1558076399,184.17,188.56,183.38,183.73,1330.94873925
1558076400,1558079999,185.07,189.68,183.46,187.04,504.90243572
1558080000,1558083599,188.22,189.48,184.76,186.69,502.59477785
1558083600,1558087199,186.29,188.75,184.77,186.82,872.26146165
1558087200,1558090799,186.82,187.11,180.79,183.35,689.14474974
1558090800,1558094399,183.35,183.41,175.57,179.32,1136.38435546
1558094400,1558097999,179.65,187.98,175.19,185.07,1645.66597211
1558098000,1558101599,185.27,188.13,180.21,187.38,1010.81593361
1558101600,1558105199,187.98,191.12,184.0,184.0,1285.53158414
1558105200,1558108799,184.0,185.4,180.0,180.0,542.8214928
1558108800,1558112399,180.0,185.0,176.02,180.17,541.33943362
1558112400,1558115999,181.31,181.82,178.03,180.56,208.64600669
1558116000,1558119599,179.4,183.07,178.13,182.18,250.48818389
1558119600,1558123199,182.18,183.91,179.07,182.6,273.53147785
1558123200,1558126799,182.15,184.35,180.58,183.74,156.34340736
1558126800,1558130399,183.95,189.0,183.29,188.98,640.3264638
1558130400,1558133999,188.83,191.14,186.49,186.72,206.15201967
1558134000,1558137599,187.0,193.89,186.86,193.24,500.96991641
1558137600,1558141199,193.2,195.84,187.5,189.1,515.89967956
1558141200,1558144799,189.1,192.93,187.81,189.21,69.33402046
1558144800,1558148399,189.2,190.6,187.69,189.7,270.67398804
1558148400,1558151999,189.77,192.99,187.96,192.28,638.92187539
1558152000,1558155599,192.28,193.72,189.83,192.25,130.26688107
1558155600,1558159199,192.25,194.76,190.83,191.68,191.39083445
1558159200,1558162799,191.68,193.42,188.9,188.91,947.86447686
1558162800,1558166399,190.66,190.7,185.51,186.0,228.85706813
1558166400,1558169999,187.3,190.38,183.11,186.54,956.06468334
1558170000,1558173599,186.27,186.34,182.01,185.99,453.89075896
1558173600,1558177199,185.34,187.36,184.0,185.94,110.26031491
1558177200,1558180799,186.14,188.37,185.5,185.5,172.13075788
1558180800,1558184399,185.51,187.49,183.75,186.47,143.33089197
1558184400,1558187999,186.53,188.46,185.21,187.13,146.86189722
1558188000,1558191599,186.91,192.37,186.91,189.33,612.18398729
1558191600,1558195199,189.9,191.48,188.87,190.26,355.00076532
1558195200,1558198799,190.0,192.38,187.32,189.35,761.108851
1558198800,1558202399,189.48,189.6,186.91,187.19,123.24126663
1558202400,1558205999,187.67,187.8,186.0,186.32,176.04094975
1558206000,1558209599,186.35,188.86,186.34,187.41,65.7474814
1558209600,1558213199,187.92,188.59,186.4,186.9,127.17569493
1558213200,1558216799,186.87,189.99,186.66,189.39,153.57059344
1558216800,1558220399,188.83,189.52,187.12,187.12,139.32957978
1558220400,1558223999,187.65,188.42,184.38,185.7,455.85896328
1558224000,1558227599,185.43,186.86,184.42,186.86,142.15926752
1558227600,1558231199,186.89,194.98,186.07,193.85,1108.82255413
1558231200,1558234799,194.98,196.0,192.34,192.49,256.54616026
1558234800,1558238399,192.85,200.41,192.85,200.09,234.13218986
1558238400,1558241999,199.82,200.3,197.01,199.36,194.96654051
1558242000,1558245599,199.3,200.24,198.16,199.88,173.78813839
1558245600,1558249199,199.65,199.98,198.16,198.19,1504.45727352
1558249200,1558252799,198.16,204.59,197.66,202.76,487.36674327
1558252800,1558256399,203.22,203.4,200.06,201.55,276.11279314
1558256400,1558259999,202.0,204.44,200.81,204.0,217.58656086
1558260000,1558263599,204.69,206.0,201.54,203.5,473.25022471
1558263600,1558267199,203.27,204.89,200.05,200.18,295.66904191
1558267200,1558270799,200.5,201.89,197.04,200.96,299.6516555
1558270800,1558274399,200.37,202.0,198.04,199.95,393.42898036
1558274400,1558277999,200.07,202.5,198.96,200.97,254.66471823
1558278000,1558281599,201.5,202.77,200.5,202.51,319.84649212
1558281600,1558285199,201.91,202.74,200.0,200.13,131.10388082
1558285200,1558288799,200.96,203.1,198.26,202.79,366.87093468
1558288800,1558292399,201.8,202.9,200.94,202.0,201.21077479
1558292400,1558295999,202.05,203.3,200.95,200.95,173.35374579
1558296000,1558299599,200.95,201.8,200.0,201.73,178.51056966
1558299600,1558303199,201.8,205.25,201.68,204.82,372.80240793
1558303200,1558306799,203.75,207.26,200.01,206.77,1091.31556189
1558306800,1558310399,206.97,208.08,205.16,205.5,629.99467249
1558310400,1558313999,205.45,205.45,193.03,197.14,813.70444074
1558314000,1558317599,197.13,197.34,194.64,196.08,199.66751457
1558317600,1558321199,196.28,196.53,194.03,194.93,38.55459816
1558321200,1558324799,195.0,200.87,194.99,200.74,48.55139557
1558324800,1558328399,199.91,201.78,198.32,198.62,72.82385643
1558328400,1558331999,198.62,198.93,197.65,198.77,83.77439208
1558332000,1558335599,198.34,199.15,195.28,195.28,238.1244804
1558335600,1558339199,195.6,198.88,195.39,195.81,515.6043099
1558339200,1558342799,195.73,196.43,194.04,195.68,223.75448245
1558342800,1558346399,196.01,197.89,195.0,197.49,226.22206025
1558346400,1558349999,197.62,198.95,196.12,196.51,126.25761952
1558350000,1558353599,196.75,197.44,195.0,195.37,315.91160388
1558353600,1558357199,195.0,196.69,190.06,190.79,413.96660476
1558357200,1558360799,190.92,193.76,187.01,193.75,823.6692769
1558360800,1558364399,192.54,194.38,191.65,194.0,155.06767972
1558364400,1558367999,194.12,195.55,192.85,195.55,118.33114916
1558368000,1558371599,195.55,196.63,194.35,194.86,230.27535552
1558371600,1558375199,194.35,195.55,193.0,193.0,160.21544255
1558375200,1558378799,192.32,194.11,191.68,193.7,229.26131377
1558378800,1558382399,193.88,195.78,193.26,195.46,124.30124121
1558382400,1558385999,195.7,200.58,195.14,199.85,1179.36350816
1558386000,1558389599,200.58,202.7,197.01,199.76,961.81188591
1558389600,1558393199,198.97,200.0,196.22,197.05,298.27678262
1558393200,1558396799,196.49,199.6,196.49,199.13,212.2429697
1558396800,1558400399,200.0,201.99,198.79,198.79,112.47438416
1558400400,1558403999,198.76,200.4,198.0,198.0,55.20946034
1558404000,1558407599,197.92,198.53,196.63,198.53,52.74227652
1558407600,1558411199,197.82,199.51,197.18,197.18,133.60325964
1558411200,1558414799,197.18,197.66,196.0,196.0,93.79269702
1558414800,1558418399,195.55,197.42,194.87,196.98,72.29673847
1558418400,1558421999,196.98,198.94,196.7,198.94,198.10035545
1558422000,1558425599,198.35,200.23,197.97,198.41,249.53889984
1558425600,1558429199,198.99,201.5,198.15,199.05,339.65265145
1558429200,1558432799,199.74,202.54,199.38,201.24,889.54234366
1558432800,1558436399,200.6,201.07,198.0,199.6,159.34331516
1558436400,1558439999,199.63,199.93,197.0,197.77,96.07784063
1558440000,1558443599,197.77,198.61,196.1,197.56,161.87009249
1558443600,1558447199,197.5,202.55,197.41,198.17,277.90461599
1558447200,1558450799,197.99,199.25,196.79,198.25,244.19539303
1558450800,1558454399,198.38,198.82,197.37,198.06,187.96734002
1558454400,1558457999,197.37,199.69,197.37,199.57,228.53207678
1558458000,1558461599,199.74,202.0,199.39,202.0,310.67923586
1558461600,1558465199,202.42,203.6,201.43,202.66,149.26613691
1558465200,1558468799,203.33,203.47,201.2,202.99,285.27795833
1558468800,1558472399,202.44,207.8,202.44,206.96,640.4290821
1558472400,1558475999,206.98,208.0,203.1,204.02,803.47103059
1558476000,1558479599,204.0,204.29,199.5,202.82,967.61974172
1558479600,1558483199,202.0,204.0,200.82,201.34,201.7401504
1558483200,1558486799,201.23,204.0,200.53,204.0,79.02003984
1558486800,1558490399,204.3,204.91,201.42,202.23,36.52193249
1558490400,1558493999,202.34,203.46,201.42,202.6,24.78481773
1558494000,1558497599,202.85,203.17,201.51,201.51,14.65005658
1558497600,1558501199,201.21,203.46,200.45,203.46,189.65703916
1558501200,1558504799,203.45,204.52,202.09,204.35,41.68484714
1558504800,1558508399,204.42,204.92,203.09,204.11,146.24605397
1558508400,1558511999,203.93,204.2,202.41,203.35,120.26843287
1558512000,1558515599,203.47,204.5,202.78,202.8,356.76624407
1558515600,1558519199,203.54,204.2,201.85,201.85,714.51730314
1558519200,1558522799,201.85,202.68,200.47,201.31,213.3601052
1558522800,1558526399,201.0,201.3,198.8,200.16,531.29973459
1558526400,1558529999,200.75,201.3,197.87,198.63,412.81941537
1558530000,1558533599,198.43,200.99,197.9,200.67,223.06272301
1558533600,1558537199,200.81,201.49,199.63,200.71,120.72381193
1558537200,1558540799,200.03,203.78,200.0,202.94,592.60216733
1558540800,1558544399,202.48,203.1,200.29,200.29,242.24817436
1558544400,1558547999,201.16,201.22,198.0,198.97,388.60680393
1558548000,1558551599,199.4,200.85,198.82,200.84,539.76016952
1558551600,1558555199,201.01,201.23,199.79,201.22,233.89970139
1558555200,1558558799,201.23,201.34,191.5,196.02,801.46703587
1558558800,1558562399,196.02,196.5,191.16,191.85,828.40550218
1558562400,1558565999,191.32,195.13,190.31,194.97,358.76547379
1558566000,1558569599,194.34,194.97,192.07,192.07,204.16725816
1558569600,1558573199,192.32,193.6,190.51,192.63,169.40284798
1558573200,1558576799,191.88,193.86,191.85,192.98,176.30996554
1558576800,1558580399,193.02,194.0,192.2,193.58,48.7128511
1558580400,1558583999,193.64,193.69,191.68,193.14,171.06050125
1558584000,1558587599,193.52,193.52,192.26,192.79,50.3641361
1558587600,1558591199,192.64,192.64,188.05,189.36,237.15240738
1558591200,1558594799,189.36,189.96,185.23,189.96,907.37333617
1558594800,1558598399,189.96,189.96,186.19,186.32,226.39135616
1558598400,1558601999,186.27,186.73,184.7,186.39,379.51300948
1558602000,1558605599,186.2,187.18,183.03,187.18,372.52939386
1558605600,1558609199,187.18,190.27,186.62,189.12,510.42662173
1558609200,1558612799,189.0,190.29,187.65,187.77,230.5773164
1558612800,1558616399,187.65,188.82,186.6,188.53,178.41740569
1558616400,1558619999,188.88,191.55,188.48,190.92,469.44105133
1558620000,1558623599,190.92,193.32,190.25,192.17,535.81549274
1558623600,1558627199,191.82,193.97,191.34,191.71,239.22408484
1558627200,1558630799,192.26,193.76,191.54,193.29,232.00513155
1558630800,1558634399,192.79,193.68,190.12,191.08,532.17318507
1558634400,1558637999,190.83,191.27,189,190.77,111.08192111
1558638000,1558641599,191.02,191.57,189,191.57,106.92933263
1558641600,1558645199,190.99,193.57,190.99,193.08,172.66456757
1558645200,1558648799,193.76,195.6,192.31,194.97,601.80036107
1558648800,1558652399,194.26,196.43,194.25,195.05,299.62328091
1558652400,1558655999,195.3,195.93,193.09,194.48,118.03216493
1558656000,1558659599,194.5,194.75,193.0,194.71,18.08465812
1558659600,1558663199,194.99,195.39,193.54,193.95,99.83799158
1558663200,1558666799,193.44,194.18,192.21,193.45,29.99880482
1558666800,1558670399,192.44,194.5,192.22,194.5,9.42171574
1558670400,1558673999,193.95,194.25,192.62,193.24,42.26879921
1558674000,1558677599,193.43,193.57,191.21,192.86,201.59344569
1558677600,1558681199,192.82,195.29,191.84,195.29,106.79347093
1558681200,1558684799,195.31,197.26,194.41,195.9,381.703517
1558684800,1558688399,195.88,199.6,194.88,197.84,481.79946601
1558688400,1558691999,198.19,199.06,196.59,197.68,427.00559432
1558692000,1558695599,197.99,199.26,197.3,198.52,254.36662914
1558695600,1558699199,197.98,200.73,197.41,200.23,385.2214738
1558699200,1558702799,199.37,200.38,198.03,199.51,182.14056427
1558702800,1558706399,200.12,200.27,197.69,198.61,194.43860313
1558706400,1558709999,198.3,200.0,198.3,200.0,426.77369323
1558710000,1558713599,200.0,200.95,198.82,198.89,233.75278732
1558713600,1558717199,199.17,201.98,198.87,200.14,822.63922991
1558717200,1558720799,199.51,200.24,198.16,199.3,202.9163947
1558720800,1558724399,199.4,199.86,198.5,198.5,78.69304648
1558724400,1558727999,199.0,199.0,196.5,198.37,213.32724788
1558728000,1558731599,198.29,199.94,198.03,199.31,94.4768112
1558731600,1558735199,199.41,199.93,197.0,197.0,291.46799487
1558735200,1558738799,197.85,198.98,197.26,198.13,57.16317498
1558738800,1558742399,198.17,198.17,194.59,196.0,212.01474449
1558742400,1558745999,196.49,197.37,196.01,196.59,19.94673005
1558746000,1558749599,196.07,198.4,196.07,198.33,107.1661337
1558749600,1558753199,197.71,198.95,196.34,198.53,24.69717226
1558753200,1558756799,198.16,198.89,197.44,198.67,41.84901321
1558756800,1558760399,198.57,198.95,197.43,198.4,34.01745182
1558760400,1558763999,198.33,198.61,196.9,196.9,67.57076963
1558764000,1558767599,197.94,198.71,196.9,197.74,39.58223933
1558767600,1558771199,196.9,198.52,196.48,198.29,122.47286262
1558771200,1558774799,197.82,198.64,196.77,198.14,80.19730056
1558774800,1558778399,198.65,201.7,198.13,201.44,306.00209826
1558778400,1558781999,201.48,202.5,200.01,201.36,531.5935492
1558782000,1558785599,201.32,202.98,200.12,200.41,270.83246859
1558785600,1558789199,200.93,202.17,200.12,201.49,313.36591975
1558789200,1558792799,201.02,201.02,197.0,197.76,221.03561448
1558792800,1558796399,197.23,199.17,197.23,198.99,166.33104631
1558796400,1558799999,199.15,199.81,197.69,199.09,127.90737776
1558800000,1558803599,198.54,199.55,197.4,198.0,151.21022517
1558803600,1558807199,197.9,199.1,197.28,199.1,84.72406427
1558807200,1558810799,199.26,199.65,198.05,198.97,48.57752303
1558810800,1558814399,198.18,198.88,197.26,197.49,79.66633165
1558814400,1558817999,197.51,198.58,197.27,197.8,158.1390339
1558818000,1558821599,197.81,199.99,197.29,198.99,149.93680378
1558821600,1558825199,198.05,200.0,198.05,199.93,91.57611584
1558825200,1558828799,199.25,199.97,197.28,197.63,164.43450058
1558828800,1558832399,197.93,198.5,197.59,198.47,47.35414559
1558832400,1558835999,198.49,198.49,197.58,197.77,26.30821076
1558836000,1558839599,197.77,198.49,196.42,198.1,322.47370314
1558839600,1558843199,197.24,198.23,194.5,194.52,109.42423776
1558843200,1558846799,194.81,196.26,194.51,195.4,54.04963859
1558846800,1558850399,195.39,196.31,194.06,195.24,108.04211323
1558850400,1558853999,194.81,196.34,194.34,195.13,87.19298984
1558854000,1558857599,194.88,197.37,194.52,196.32,93.87981563
1558857600,1558861199,196.35,197.08,195.48,195.99,142.4301839
1558861200,1558864799,196.0,197.42,195.03,195.87,165.43617342
1558864800,1558868399,196.0,196.76,195.0,195.69,83.28887067
1558868400,1558871999,195.29,195.88,193.61,194.21,279.31419595
1558872000,1558875599,194.13,195.7,194.0,195.07,100.89316234
1558875600,1558879199,195.8,196.79,194.31,196.5,85.51692275
1558879200,1558882799,196.5,197.32,195.59,197.32,62.22510047
1558882800,1558886399,196.08,197.67,195.81,197.19,259.97798633
1558886400,1558889999,196.38,197.77,196.0,196.99,156.32598381
1558890000,1558893599,196.44,198,196.1,196.29,203.90159609
1558893600,1558897199,197.56,198.87,196.58,198.56,67.65038631
1558897200,1558900799,198.26,205.31,197.23,205.3,854.34029624
1558900800,1558904399,205.3,209.98,205.3,207.5,1587.40046171
1558904400,1558907999,207.96,209.99,205.74,208.49,522.40499979
1558908000,1558911599,209.98,210.0,206.81,207.47,582.5532102
1558911600,1558915199,207.45,211.11,207.04,210.39,879.73990014
1558915200,1558918799,210.4,214.49,210.4,211.99,629.68225663
1558918800,1558922399,213.31,213.53,210.9,211.46,144.4988328
1558922400,1558925999,211.46,212.1,208.5,211.39,78.57089424
1558926000,1558929599,209.97,212.69,209.97,211.41,55.24583306
1558929600,1558933199,210.76,211.35,209.59,209.88,51.29238835
1558933200,1558936799,210.64,211.11,208.37,209.9,381.86735695
1558936800,1558940399,210.24,211.62,208.82,210.79,208.80134151
1558940400,1558943999,211.42,212.1,210.61,210.94,173.06342452
1558944000,1558947599,211.31,211.59,209.79,211.27,178.60151442
1558947600,1558951199,210.41,212.1,210.31,212.0,173.91966068
1558951200,1558954799,211.96,212.02,210.7,211.5,194.02657449
1558954800,1558958399,211.5,211.5,208.4,209.85,176.54335469
1558958400,1558961999,210.32,213,210.02,213.0,749.49658564
1558962000,1558965599,213.5,215,212.56,213.5,476.7361262
1558965600,1558969199,212.86,213.99,211.43,212.91,364.40464202
1558969200,1558972799,212.35,215.73,212.35,213.52,659.88392713
